{"cameraMode":{"drawMode":0,"name":"Shaded","section":"Shading Mode"},"sceneLighting":false,"audioPlay":false,"sceneViewState":{"m_AlwaysRefresh":false,"showFog":true,"showSkybox":false,"showFlares":true,"showImageEffects":true,"showParticleSystems":true,"showVisualEffectGraphs":true,"m_FxEnabled":true},"in2DMode":false,"pivot":{"x":0.5190118551254273,"y":1.022358775138855,"z":-3.172011613845825},"rotation":{"x":-0.15057164430618287,"y":0.028778409585356714,"z":-0.004381720907986164,"w":-0.9881810545921326},"size":1.5819292068481446,"orthographic":false}